match_id,puuid,gamer_name,tag_line,partner_group_id,companion,gold_left,placement
NA1_5210875842,deRMgetZt6RpAOJkklxGAoESaoQfgnYREvofeaEko4HEMiDNLtOfiFCh1kmv3n2-t30UEpvfqWaNiw,Jables,231,,PetChibiSett,2,7
NA1_5210875842,PkjoFUt5_k14aTQDFvMuPK6InUbcX_BAt33tjO8wNYvg_ijiSjLcV1KGkKNV2I_-GYEWqH8qMXgPVw,Philippine chan,7504,,PetDSWhale,9,5
NA1_5210875842,Zamh6cdfxqaaDGQcGMByZxHakJmLfpZOBwCdz7jkkWfEyzIPbv6-4B7per1cazlc0TiVYDbytC_Yow,StuckStepLaner,NA1,,PetTFTAvatar,2,1
NA1_5210875842,66hfS66DqH53p6GwQVgFf8l34vTTabCLNK-6n1fb5Rs3mh4PYvbXvvz2l-9Sg5lp4MIc_jMqrak8UQ,PANAW,x4nne,,PetBigKnifeDog,2,2
NA1_5210875842,0jCc0quij5N5QVUHwujKoMmidouwBU-wGClMgee_Z2vO27ixaf6Oe8S_3MmFPMK5i6vPSfdPQcocZg,JU5TCHR1S,NA1,,PetAoShin,3,4
NA1_5210875842,BmxH35gKz4q9GvYaicIYYeImjdLbQhH23szcW3O_8dC9oj5wh-Lwu--N8khJmIVVUqFyY3eWOy-zcA,Acrophös,8480,,PetTFTAvatar,18,8
NA1_5210875842,EqMSwm9K9CnsjOkp95ndg_aBI09-fbUR81FmvdOiqJQnT5S7nkFlIIAzc_cZxiqBE_ldUo8M2USNLg,Artreyu,NA1,,PetChibiAkali,4,3
NA1_5210875842,hFItmypQ4c024XnN1qWilCa8ET7HB9DJveeM4VOUBpyVgTFmfu19fO-mfSeEZNpbOn0Xrk_k_Ta-rw,swagggyboyk,8008,,PetMiner,3,6
NA1_5215009686,ni6NDlECUaOV-kItaxqsqCxcSuGbFr0ORjP8bWvXZI0qWfBzLztIWnh6TI98R5eY451LBfMsekX-Ow,tanked19,3705,1,PetStyleTwoWarwick,53,5
NA1_5215009686,T38LhL_iX0N7sSUD2KbdCnq1_MXMhk9H8Ke4Wlz8z588Yq72Cd59qPmKzVbLjZqM6oX9Ft9DrHh24g,MacDufffff,NA1,1,PetStyleTwoJinx,1,6
NA1_5215009686,B82KfyVgNMEe5QuiEMzS0fp5nAPWIKEgWv0oXyBynQbyLTGR5uHH2WvOsc1x0xCU65T8jVbmQ6HgRg,r0uシl,6798,2,PetChibiSett,1,2
NA1_5215009686,eMBljOXt35ic-_lahHVAiYViNZwGXE1SEZQmgWevfrf1uQRkKdt63HpMcQYTwSSnqYfB439D7OpyPw,Frosted,1860,2,PetChibiAhri,0,1
NA1_5215009686,EdK_EpyIKSAmsip48XUB0kTW0JH0f8Y9Qn2enqNiPANKIrtaL1U_ZUA9v2narTpcsGj5d3gWoitspg,saber1542,NA1,3,PetChibiVi,3,3
NA1_5215009686,IJUB62Ef7WAsLkYDiF8RGdqArB2Cn1pvATHehvDKhG1vWVfANHB004hbz26bmk4LTp1YxGjXUd6bmQ,KujoJotaro,80085,3,PetDSSquid,19,4
NA1_5215009686,DqNKF8vPZ9JKsUhKOQ39ijH2p3w660wHowxqnBPnihBgeHyj4Ws7LS9xlHm2lY9claiP_ztgZcDjDQ,PPG Rex,PPG,4,PetScuttleCrab,19,8
NA1_5215009686,YYZmpLUGntxc3Bj6CL5swa5-uwQwi502U3iYJI-WQCNncqXGwGgCEBtZqcSGsGJh6lwsQbXah5bWCw,PPG Mirotix,NA1,4,PetChibiMissFortune,2,7
NA1_5211518566,RTp_E3esC7GnGRAMSBMUNZByP4OF_ySWH_mwoUQpxCK15ltu78iDDzsJaHGjh8LIjdCzOr-pS0IH0g,Llucife,NA1,,PetSpiritFox,17,3
NA1_5211518566,CS6O9i9VBExRAI1_4yJTInbh680CZtNXMzj3phZtnrcOKchzxAwXqrniZUpdjaZea_4ifWwlKywMkQ,HeIplmInPain,NA1,,PetPoro,3,5
NA1_5211518566,bX-Tj1tCT1SgbWtpo3V5oWUejx2302vgo11ozzrCUhkqJo9GWAVz0ciH6lr90HhHacHU703d9-26nQ,Purrdered,9294,,PetTFTAvatar,21,6
NA1_5211518566,Zamh6cdfxqaaDGQcGMByZxHakJmLfpZOBwCdz7jkkWfEyzIPbv6-4B7per1cazlc0TiVYDbytC_Yow,StuckStepLaner,NA1,,PetTFTAvatar,0,1
NA1_5211518566,JF7rYiqVs_b4lZ5zg_YyFJ2Smi71I760Ilvv4GxbUbzOxM-fRX-9CVujSz3J7W1qt8cddNV1FOB7IA,Pecsado,NA1,,PetDSWhale,2,2
NA1_5211518566,oTJn68G2uf0L11Eji-OAmbJo8oIaOaXOc8ACemIDCSiJPNh5yWhVkUeMDCNYMnkIFnVa7v_XqvY01g,EonVictory,here,,PetPiximander,2,4
NA1_5211518566,An9zdNlLXZ5XcJn88sZgtwyrVqmmPqzID93mp6f0ynVY4R-FHb8ceaUNB0cY1DhhNnmQJk5AHjSx8A,ER911,NA1,,PetUmbra,5,8
NA1_5211518566,K-D9fPcqkMZem8iR_J2i0OsBfN7w_yrOoWJECidmljre5s6HZVJFaENWVhBxzKqw0cy6rNJQURu2rw,Èxperiment 626,NA1,,PetChibiSett,2,7
NA1_5205432133,f3Wixc0ZCz7-EaT1lj3aaSkfkvwfY_euxSw8W22Lf76ZyZ1-6aMht9mDzL6s8sWVJYSTl2pT1B101A,It Wasnt Much,NA1,1,PetDowsie,1,2
NA1_5205432133,Nvw6doVGImNmVjAm3goY-G5DqgwlYcbet49BddPg7e3FR4Iiqd9SfSWSHmpWPZWh2VxSvpOULlq6Yw,Irmy,NA1,1,PetTFTAvatar,3,1
NA1_5205432133,DqNKF8vPZ9JKsUhKOQ39ijH2p3w660wHowxqnBPnihBgeHyj4Ws7LS9xlHm2lY9claiP_ztgZcDjDQ,PPG Rex,PPG,2,PetScuttleCrab,0,3
NA1_5205432133,YYZmpLUGntxc3Bj6CL5swa5-uwQwi502U3iYJI-WQCNncqXGwGgCEBtZqcSGsGJh6lwsQbXah5bWCw,PPG Mirotix,NA1,2,PetChibiMissFortune,21,4
NA1_5205432133,MF7wnUXcX9plFxi_FxvhW--Po598Tw7nVaQqTJrKVgKy8Zpj5jC3eRpnevtR0yEIJkn4hGChxcey_w,ckrvbf,uIPhc,3,PetChibiCaitlyn,1,7
NA1_5205432133,3bQTZkmlS16ghZjjEsuILeNhMyZJXBv6SQnFFy3xQSn7XuZibJkW3fPlI0GuOmnkEQEjzVUO6efBRw,Billionlee,NA1,3,PetChibiOrianna,16,8
NA1_5205432133,p7FoV-yXv5UHUYaupIekpkxTOqeziNoPUPXtMJiY2FG3L05TYgBQrQE9eZ6gvWTQA3_UROfP914U-w,Icuhcureamuh,NA1,4,PetStyleTwoJinx,0,6
NA1_5205432133,ay1Rcqlcy4DDBHN0mpoDLFKVsGT_MLFfUsuKSyewQD6vtMrb815_0_c9hjjk11PCOc386BiLAdt0mQ,Catnip,Purr,4,PetChibiAhri,0,5
NA1_5203025311,6WmBqTYLmt8ZcbTHMmQYqOd7wp4QIljuodNa-pfimL2MXzdPoPSAC0Vz8YE6sHk1nh4u0EdYHtum0Q,Squ1dZy,NA1,1,PetChibiLux,20,7
NA1_5203025311,hntyKresWzM8niBTMSrgYulw-62PZDm5CSiktMW3JXQZtbLu3Yt65Bf4zogWIFsGGxueVEExm9CH7A,P3ngu1nMast3r,NA1,1,PetChibiCaitlyn,57,8
NA1_5203025311,DqNKF8vPZ9JKsUhKOQ39ijH2p3w660wHowxqnBPnihBgeHyj4Ws7LS9xlHm2lY9claiP_ztgZcDjDQ,PPG Rex,PPG,2,PetScuttleCrab,8,5
NA1_5203025311,YYZmpLUGntxc3Bj6CL5swa5-uwQwi502U3iYJI-WQCNncqXGwGgCEBtZqcSGsGJh6lwsQbXah5bWCw,PPG Mirotix,NA1,2,PetChibiMissFortune,3,6
NA1_5203025311,oIQqXVOrJayJmsmIbwlUc0oTQq-uA98_mj1g6Ts9D5NzvSZs8wrA6h5jeOalv8UM-rXt8wmiEdNatA,Traceleches,NA1,3,PetChibiCaitlyn,15,3
NA1_5203025311,3W8CHyHwbKEWBywcsGvoGNuU4HeT2rw-kBXHboIL3LErk_QkJkezpJJitx5KDQWCW2dsRCTNuFFfdA,Aneema,NA1,3,PetChibiLeeSin,41,4
NA1_5203025311,a9N-imGWYq5n-J9tE9l9LoHSkbki1J6W8hPuRbJoc794Bpd0z-gd8JpQJ2T7FV86q55S1hRRETUbWg,Artistically,San,4,PetSpiritFox,0,2
NA1_5203025311,CGbMu2I_XTSu-zmmvsd1cYduIgM3e_8oKMmmjsQm3667jBr6rIw6BuBK5g-_5o5lKtioihKFECJ-mg,Solarica,NA1,4,PetChibiYuumi,13,1
NA1_5210868545,UZEkyWnirGCcKvYzDZB_zLjuvuD6zU99MD_hlbhIQLn9A7bMOV3AJfEYfPZ6lgn0g8FLtQICEdiAvw,Cealus90,NA1,,PetFairy,3,5
NA1_5210868545,Zamh6cdfxqaaDGQcGMByZxHakJmLfpZOBwCdz7jkkWfEyzIPbv6-4B7per1cazlc0TiVYDbytC_Yow,StuckStepLaner,NA1,,PetTFTAvatar,2,8
NA1_5210868545,RDKxywvpcGP6DR7K-SP-G77fToOhHBQI-rbhrYeBTH-cTrA18G06NbxIcPcQvvhwoCnXzpgC3J9TzQ,RickyLee,9517,,PetMiniGolem,20,3
NA1_5210868545,F803SYVzBXelKVBfz6Z4sQeB9M7_hpyywgc9KvWWEsMWxN_uAjyN1KM23DCN1yjxXi-Jew9Z-gSuFQ,AlphaNapkin,6949,,PetChibiIrelia,1,1
NA1_5210868545,EMWpxpAApxT-6GcP4Pr7kgUA7ZO6Y71ndJOdnrTXDdGX3dUEYW_vZ2IsRxfAXz35tWwaQfkmSlA15w,Pr0gram,NA1,,PetTFTAvatar,4,6
NA1_5210868545,qNcDJyWK0gkgGAU8s42dMqbdMv4C6MQU61IbaIsVXA83eAq1KcCulhEfdi8PoDf4O-KA7ZFzVETsSQ,Benadryl enjoyer,Denni,,PetChibiAkali,2,2
NA1_5210868545,KDjATr4fmBsCSYR-Euj-j_5OhD164W2qWEQkSGB_8R-lgslbaO-bnMz1ERc3wEt5Ok2aZ2FYHamarg,MsSpanky38,NA1,,PetChibiAkali,3,4
NA1_5210868545,ZFUtLXxA4FhsihzjcIpLP5rfQ9OrmmvTHQQjH-KdmpRPPW3qk_vIp2cJwqMNf0soYrHm95lA1T6CYg,Infinitoxicity,NA1,,PetChibiYuumi,5,7
NA1_5207341410,DqNKF8vPZ9JKsUhKOQ39ijH2p3w660wHowxqnBPnihBgeHyj4Ws7LS9xlHm2lY9claiP_ztgZcDjDQ,PPG Rex,PPG,1,PetScuttleCrab,78,7
NA1_5207341410,YYZmpLUGntxc3Bj6CL5swa5-uwQwi502U3iYJI-WQCNncqXGwGgCEBtZqcSGsGJh6lwsQbXah5bWCw,PPG Mirotix,NA1,1,PetChibiMissFortune,73,8
NA1_5207341410,-F0CgrMgllHpV5cJoAw-jvT3s2CR6layNKNO0YSfmimDcvAfhjSIiLMn9NZmpQRRQqE-WHFOrzQi3g,Appleisgreen,NA1,2,PetChibiAnnie,11,4
NA1_5207341410,JwmDiQ0TLIibAfbb4-GdepRdWG36Vf_p7bRPWrwESdNF1vYFTftYvdKB7amcv_Vnc3O7FzFxr01JSw,flaming honeybun,5369,2,PetChibiSett,1,3
NA1_5207341410,C44z5WALbEFuy1mcU11GdG3MmneS0PwdkPwfMBxN4DXe_7L9dIpsw__vgquxzLVLfwODgvbCHt2GCQ,lilfuncakez,NA1,3,PetChickenEggTart,35,2
NA1_5207341410,VImETs6nENQkHPgQqvslllML9CvdJG941wKICg09nY-HNR_kDaiPmO2Ub6n7urWccqlX3C5ICpSOjA,SCHWIFTYBRAH,NA1,3,PetChickenEggTart,32,1
NA1_5207341410,z1UviPyh8XUs3YFkoMEZGQ6QlzKuE42m2GJ6MvJmfCPdVqKg9CbmKO3NlbjAAL7e1d7f_Q4bLtPDfA,RealDorsch,NA1,4,PetChibiEkko,13,6
NA1_5207341410,ng2umkp5bfKvBURvuwJlC8SaVImIpXjXICzcrjBTVjxG-Bf2fGN-DzvvTTh1nI8fx-mq4ItYX4TyaQ,D0g8reath,Kayle,4,PetChibiMorgana,1,5
NA1_5208693497,KuJRKSYvrVql7JMoPovj_xoCyY8QMROuDo9nZfoHW_jl6T5jz3yIsLXZEArvJMHQvYLWDS4yaqax_A,HairyRambutan,NA1,1,PetDuckbill,1,3
NA1_5208693497,7BlYSYOO8upI8ikr6YXTeKjfLyScsV7hgBKqjz3D_c0RxPb5PO_dbmKdpIzROJwxeK7EuFbIqXBmRA,ppkawaiidesu,NA1,1,PetDuckbill,2,4
NA1_5208693497,DqNKF8vPZ9JKsUhKOQ39ijH2p3w660wHowxqnBPnihBgeHyj4Ws7LS9xlHm2lY9claiP_ztgZcDjDQ,PPG Rex,PPG,2,PetScuttleCrab,4,5
NA1_5208693497,YYZmpLUGntxc3Bj6CL5swa5-uwQwi502U3iYJI-WQCNncqXGwGgCEBtZqcSGsGJh6lwsQbXah5bWCw,PPG Mirotix,NA1,2,PetChibiMissFortune,49,6
NA1_5208693497,VlG-SvaaEh24BJMezKFDlAKzIr_Kz1YmhcE6yeB4LRUMEbseUArQj4D9mNWhRFQFlFo8EvrhIiW7Uw,CaptainX0,NA1,3,PetChibiYasuo,1,2
NA1_5208693497,trBhETSAcKk_83F0yuNCzcC7_nSX7fJ-np4Uz0-flIQnH4PQ__a0v7pZGeKFkQVlabolDFzARbxUfw,Rocade,NA1,3,PetTFTAvatar,1,1
NA1_5208693497,p5QHK6fWUKq6SDgd3xcmuNk3CrC_svdmllVYTKVuiUCJRq8bSWJouSYi0fENsyir0ofdkByRg50Y0g,Absolute Rosario,YTL,4,PetChibiOrianna,3,8
NA1_5208693497,CK7XK8UAyH7zh1LHv9eGWvOTa6YtWNYgUY_-oV0mGMRizuMIjWvbCGw_j85xO3uKVkpr1yqa95iApg,Draven Da Vinci,NA1,4,PetChibiEzreal,1,7
NA1_5211537160,08RAghSYZFlow5st8Fc4zEnNVmQxAOULvEa8IdHE_YowGC2KRDobqerKyz3SI0YeqvThCYLg_IYZrg,Get some soup,LBC,,PetBat,3,5
NA1_5211537160,Zamh6cdfxqaaDGQcGMByZxHakJmLfpZOBwCdz7jkkWfEyzIPbv6-4B7per1cazlc0TiVYDbytC_Yow,StuckStepLaner,NA1,,PetTFTAvatar,6,4
NA1_5211537160,EWoxxqUMbnuHOJk3jMjpAuU09Tugum5w0GXKeY_fe6_xNAo6ykEUPtObgTHQ39Mgry-8akLPvYC6Hg,B4NT,42069,,PetBat,2,6
NA1_5211537160,sYwbo00g7fE8nZxaJ879eA2aKXSE2H-dtImSx0rr2GrBvVPOJOrfw2r6o-mRtFUiLCHqye6rAlniKw,Mangotango117,Mango,,PetChibiYone,0,1
NA1_5211537160,eeRWxDCd5LxGPCSEagrm5QLuEzKvq__O5krXNzMvoxx6TKsdH9xpyZ4L51rsNwAwoEBdj_zkvguBcw,sp8ces,5396,,PetChibiIrelia,32,3
NA1_5211537160,kcTU6B5XOcAJJlupUUsbejjugmW0eSlI8Z1qy4wXo1rU6wADNzI-XjRsJcmXG1zKzN6A84gZYSdJcA,mahkeemo,NA1,,PetTFTAvatar,14,2
NA1_5211537160,oATQoQuubE9O8bFhJOxawK3ZLvxfNWF23DbMd4UvMnv4ucixsqVpLXBT3taKnAzh_d2AHEWZ_LASkA,Where Is My Frog,oops,,PetChibiSett,4,8
NA1_5211537160,XOzBMQpJeHdI5HvC_dmOi7j4CIOdIeC3zXkjgUDBxcpco0YjKU-SI3y_8VEA4_h4xSRIHIuXNH3Ytg,bhnoob,NA1,,PetPenguKnight,2,7
NA1_5205679446,0Vd3vsVa3A3sujowmJLkccUnoJd5-vOvrSbjaYzNHZX8meCtrJfKsDa_jyQDUQD8LmjMpNup572Bxg,Ðragonlight,NA1,,PetSGShisa,18,6
NA1_5205679446,giBCaxYRzpAoBYh46w0dSAcQf8tmR4hrrhog2RDTwAtd6e691XjtvEEZmEa6SEUagdT7eIF0mS62iQ,5 Star NEET,1474,,PetGrumpyLion,12,5
NA1_5205679446,J7NJGjFih8C-W7zdAt6bGD-KP_9XipMpj_fnZ2DDO3ztqYWHvf53ShJ0kXDUQwnmAvlPh0VvJ6FW2g,youngestsquire,NA1,,PetTFTAvatar,3,3
NA1_5205679446,Zamh6cdfxqaaDGQcGMByZxHakJmLfpZOBwCdz7jkkWfEyzIPbv6-4B7per1cazlc0TiVYDbytC_Yow,StuckStepLaner,NA1,,PetTFTAvatar,1,1
NA1_5205679446,dbNUQQcXYjkQotQYquzozVydyfTLPeSWrlGkD-DpH8Tt3-_SFMKWW2ucWezo8oSlOeYTeNt89zwAtA,Chisly,1911,,PetChibiSett,3,4
NA1_5205679446,Mb9Pc8IDBamkUjTJzvjNCel-bikWnOcpGwj-HTTr_pJuJS8tArNI0WzI9cFF8Ta3MR_Psik7t2A0cg,DaZeeMeeuw,Rakku,,PetPenguKnight,10,7
NA1_5205679446,ZyYoSpAYRIUqxZA2gx2kDsfL6RFX9XiYDEhnmYDpLfZxwufzSgYz_WviftWydfaRFTHKXLlLbfD00g,LILBOSS1682,NA1,,PetStyleTwoJinx,2,2
NA1_5205679446,iwfOWH1WDWM2CPRboOv7QVV1P4CIE677fi7-estLuxdWzMwIHyu3zkq_8ZaicEVrMZnYn5SiMhq-vQ,xSubhuman,NA1,,PetDuckbill,40,8
NA1_5194731864,VHtV3WN6c6q8yGDq3928oTvODNDoWtYwfjWrzFCoOP91zR5eMZACDlGvJhNsyxG1t1VJrrGCMEyGwQ,toothless777,NA1,4,PetSGShisa,62,3
NA1_5194731864,KqGizPq7wn2WJjLc45aFM5ldgDZ8ONg7bF10PjKZ--4Di0WiH3vdErZnFM_76RLpDC_MeXyYugDsFw,dantesbane,NA1,1,PetRazorBeak,1,6
NA1_5194731864,wi3ANsT7ghaWo-9E-SMPtjn7Dr4vuRA_9WT0VOEWhojWbzChF8tRCZLhAYvCfH5ifs2950mriKwxvw,Komyo,NA1,1,PetRazorBeak,11,5
NA1_5194731864,q1hfG_yiShrzmAXL_q63LR_N_QGAOyU9vKsswfv49LRnDkDsBaq-2zZI1OPtUUf-EmHMRTvr-X3nzg,MicFister,6006,4,PetChibiJinx,0,4
NA1_5194731864,tvCW2-fyWDzvMWRDR24ZewqcY7P-Kqa4vTLlbyh7spolEygzRGW4fkw5nZIVCFfQDYkTgHsQvEgPkw,Torageki,NA1,2,PetChibiAkali,1,8
NA1_5194731864,bFQQ12wWLQ8tjPhGpxVmJl1dhLox8NW2mMHOeqn8wfLrKX5XkawKu5qL_KhHkEcU2-zckc1YxE895g,kat,kitsy,2,PetTFTAvatar,1,7
NA1_5194731864,DqNKF8vPZ9JKsUhKOQ39ijH2p3w660wHowxqnBPnihBgeHyj4Ws7LS9xlHm2lY9claiP_ztgZcDjDQ,PPG Rex,PPG,3,PetScuttleCrab,1,2
NA1_5194731864,YYZmpLUGntxc3Bj6CL5swa5-uwQwi502U3iYJI-WQCNncqXGwGgCEBtZqcSGsGJh6lwsQbXah5bWCw,PPG Mirotix,NA1,3,PetChibiMissFortune,52,1
NA1_5195376252,FJElIveZaBvmBHvWfg1EvBqV1N4r1SZeQ4KqsK2D9IMVAekRdPEDtwDdei7PM6u4uMmSwoCuTepHYQ,PeriCzZ,NA1,1,PetChibiIrelia,0,7
NA1_5195376252,KoaVQBAVi6oRIuDNetnKQeVonlF2uRa1221zoEtlIYECvgWftQVIcXrkK8Qx9AkbdaGh0ju-v8yZYg,Cloud lover,NA1,1,PetChibiYuumi,5,8
NA1_5195376252,DqNKF8vPZ9JKsUhKOQ39ijH2p3w660wHowxqnBPnihBgeHyj4Ws7LS9xlHm2lY9claiP_ztgZcDjDQ,PPG Rex,PPG,2,PetScuttleCrab,3,2
NA1_5195376252,YYZmpLUGntxc3Bj6CL5swa5-uwQwi502U3iYJI-WQCNncqXGwGgCEBtZqcSGsGJh6lwsQbXah5bWCw,PPG Mirotix,NA1,2,PetChibiMissFortune,11,1
NA1_5195376252,0US5MAPSziPXj6ym9DAcvOe8g6vTmD2e1clZ9QXT8Eev_teA0TJetx4GUUZjoN7ikJAv2WFtkY2wdg,Monkey Sniper,GGEZ,3,PetChibiAhri,3,4
NA1_5195376252,awYULs43kO-P5r4zGr_Ezalk22tiPIei7jrHyzS3WtqMBDgrsgvykWreKlv5CjY1mNCwtCQ-9_pEyg,Monkey Slayer,2808,3,PetStyleTwoJinx,2,3
NA1_5195376252,A2ujjQDb9Qll0xrq4oZRhWXTebA3udv9uoclL3NnAeL7u7QIBSYTd7_wAM-trx5iIu0JDQznYE9M8w,FarmerGeorge,Farmd,4,PetTFTAvatar,3,5
NA1_5195376252,sYIJo_TrTHqZ7flq7hO5xkL1gG3v_Eqwc90Ne0O6R_dD7IIKAc86kbkeJkDw_DmXRRs9NDwApVr_zQ,Nermals,NA1,4,PetChibiJinx,5,6
NA1_5206325303,8myb-GynQhWF2bKbfML8upKZcVnFZkXY-w1vEsi_S3EbDkJ7dnX979DauCBM_a5cjvoortvQir3fGA,Ravenslady,NA1,,PetPegasus,30,8
NA1_5206325303,wrtBqR0yzLuDaFIsKAz_qV6bzacgFPcPGI2GfkpzQbp_Oe-llzJxvbSXxqf_hzpkOc2qM3vcG4THXg,keiChuwy,NA1,,PetPenguKnight,49,5
NA1_5206325303,c58E89kbUwxr4bElI63i9buhB4iQQ2-XHr7w0oYA5D7WpUmyrPX9Je0Q4D9YS3TUPBFf6buHg7bQCg,Ontos9,NA1,,PetBat,4,2
NA1_5206325303,Zamh6cdfxqaaDGQcGMByZxHakJmLfpZOBwCdz7jkkWfEyzIPbv6-4B7per1cazlc0TiVYDbytC_Yow,StuckStepLaner,NA1,,PetTFTAvatar,0,1
NA1_5206325303,_-ywQc0SFLhAFs20psefC-E-1CJ2IjEFnxom2aslNjAPjU1bZcKeRzZZnWYg24VK56p_vdyEGN5TRw,Neriokio,NA1,,PetChibiCaitlyn,28,3
NA1_5206325303,3iE5Hz1SU_P1xpcRhCJjahItweRm_sRXNZsuXiJQA-SqgIbkzIdi4gKkOki7IdFoLj1QpuKY-liYHA,Cokelover,DHC,,PetChibiSett,3,7
NA1_5206325303,QIrA2U89NuG6qMmgTJgUIy81sO6_kqVe3RQo5O_otZPxqv24y8D2a24EdV-tcDqrzyx7rvjlkb0VkQ,lo0katmymonkey,NA1,,PetChibiOrianna,2,4
NA1_5206325303,tEh-Ut6-W5Wx4t3emcXkg1eVEGYhw8VrPRpMUfelULf9zlD6f470zVt8y5o-QcXy2vRGuZ6Zq0ubxQ,Kenster,CDG,,PetChoncc,13,6
NA1_5205621874,GQZJTpNp8GZUCY1fLkEFquSaXmIzfIHy9qKQq4n7V_Ywh0mTRu4tRAdDFeFFbwxfPU3eYE1frw_aQQ,Stardust1255,NA1,,PetPoro,42,4
NA1_5205621874,t3Yj4sBbKFhqG2tii_r6udUPA9hkFDaUDhnuHNJb9YG_iEZ6wBDnnhoGu17Op3ZNDejApeR2icAxHA,ReptarFlex,NA1,,PetPenguKnight,31,8
NA1_5205621874,xU2CL8_PlMBUCx9zhl-hGBfXcj6qUcNE5f-HnKCKtLzYCLIBkbdh4POl0DpU3ZkMdxYisf5jNEAjIw,BrotherSweets,0961,,PetChibiZed,11,2
NA1_5205621874,x-fm_ieWXg34iEBgoR7g08YzBRBk7-21eLfIb0ws-BxNIZXnQUFpOetrcJOoLl-ENpFSg1ufJx-aeQ,SpiceNova,NA1,,PetVoidEye,79,5
NA1_5205621874,V93THX9OOGJ0fWqVEa9uKbpqCY1qFZPPBcb7ylvXsbrGpgx7zLW4ik9M2h4w63gWt1duN2eXqyzetw,PL132190,PL13,,PetDSSwordGuy,97,3
NA1_5205621874,Zamh6cdfxqaaDGQcGMByZxHakJmLfpZOBwCdz7jkkWfEyzIPbv6-4B7per1cazlc0TiVYDbytC_Yow,StuckStepLaner,NA1,,PetTFTAvatar,7,1
NA1_5205621874,f3ajHpdE0b8IPgLR1BCYCWq8WCL8gNEijUufpZkTNK2gpmIhldmwh-kyqTl0LqOL_lib8KBC2XQdRw,Ohioman13,26981,,PetTFTAvatar,43,7
NA1_5205621874,EmWX3rqICpLkD-i9LCV2RLujA1Xygn-SvV7Hp0mai4hnkhcdffpnoU51sQapEwhgTIfY3SjFfimG3A,alittlestitious,hola,,PetTFTAvatar,4,6
NA1_5205668119,E_9hCZGRY8aIV8CNn_XRbNKCuofX3VMfH7_OgNqdQX0Q_6vO-paf9BKmvkyoYIgqUfECm4KKkWLVXw,Cantdodgenothing,7812,,PetBellswayer,2,6
NA1_5205668119,Zamh6cdfxqaaDGQcGMByZxHakJmLfpZOBwCdz7jkkWfEyzIPbv6-4B7per1cazlc0TiVYDbytC_Yow,StuckStepLaner,NA1,,PetTFTAvatar,3,8
NA1_5205668119,a0Ofb1dPVcFf9uhXcTh000c1rZw8HdSGMEV4IkjT04RAHiWadhMwr9xQNh1AnhJHMGTcLQua2IoTBg,Stenka Razin,NA1,,PetSennaBunny,4,2
NA1_5205668119,lma4ObqbfHGq2qwPKMnvI0KGRJWEd0CwQHbvll1XJI4OVVvYAMdC6u12CLsM9VRxHx1b_tEGbJ7x0g,Klahowya,6969,,PetRazorBeak,2,3
NA1_5205668119,odHpyUEDmB_pYxESffXozMBWk6n8e0nNCLU-AsPR3Ovc4nzSO_pQjHpTw3xns4Sm6WvQ9vKqKshfVA,Taowbit,666,,PetChibiSett,24,7
NA1_5205668119,w-2ae5V34m4qPPQCUiD7ft45L-x76jRRMOVLuynmEjACdzipmMam2I-C3rU2uWX_JrB-DIT8RYOY6Q,Elqrch,4691,,PetPegasus,3,4
NA1_5205668119,SSy-4-6XEaf6sqd-3PMpFLm77qZzr3bhcJDf2Qdfx4MXF5wE1XTGYWnT5q8FosTxzOt6fTBFt9WZGg,Low IQ89,NA1,,PetGemTiger,12,5
NA1_5205668119,1frBtJ06SQChxQ6L1dzVmSAZ76cMkcVwjWQwK6b74FvDyPzZxuvQyzc6OrvdJiD-Ktj2Ia4rLYscgw,DrAmbrose,Doc,,PetHextechBirb,0,1
NA1_5193017032,TqPtBtUYbkU0SopF-sTFSaeOL0U0QC_5JT6_vRUH_EUnE4ATyMq83pLyENJgrcgPi5K9eJNax_TSzg,SenileUncleJoe,2020,1,PetChibiEkko,4,3
NA1_5193017032,sUStNX9zWMwno2x1MxkZP7uMm_FNDZtBDsUxsOg-IMtcvKzA7W_pkRGiyxkREQXxUBvgMqTmdy2f8g,MooseTag,NA1,1,PetTFTAvatar,1,4
NA1_5193017032,uG8Jp6zK36506JoHkaQEaEVsjMZrDvtk49fJpyw5pTp6XZMZA38puJ5F5HehLN9ywKg1bXkw4Zyz0A,dinkleberg,shant,2,PetChibiIrelia,0,6
NA1_5193017032,7HxvewAwsgBA9iyyFh3aodXpSJSEwjyf6GeYcdeHiMKOcuaKwxQb1iGrlYkdc0rv-91ZC2fqxnO7EQ,NoobLuckerDog,ymamy,2,PetRazorBeak,1,5
NA1_5193017032,DqNKF8vPZ9JKsUhKOQ39ijH2p3w660wHowxqnBPnihBgeHyj4Ws7LS9xlHm2lY9claiP_ztgZcDjDQ,PPG Rex,PPG,3,PetScuttleCrab,30,8
NA1_5193017032,YYZmpLUGntxc3Bj6CL5swa5-uwQwi502U3iYJI-WQCNncqXGwGgCEBtZqcSGsGJh6lwsQbXah5bWCw,PPG Mirotix,NA1,3,PetChibiMissFortune,20,7
NA1_5193017032,n8LFFJOxSJdjXsLf6radOfxHoLzBs6DhajqeqduCLRCGL6e34V-BSjyFpNnCSGbvHIYIIgqkjHveiA,mozzy cheese,mozz,4,PetTFTAvatar,3,2
NA1_5193017032,RAvskjRyFzgw_qPZ7Zd97XKNKs8_ykN0QHtaYEznXkAuEBXdkJjyJx1eBh_hqHRTvMXXGBowSh3mDg,mozzy sticks,mozz,4,PetPoro,3,1
NA1_5198440930,roxNIyDSjQYZQ6xaInkcc8hvskgmrcunJEWVX1hGHnGhu8knPIqiIbsJELfG7dGGOuEccw4FoKLKdQ,pumb4,7011,1,PetDuckbill,2,4
NA1_5198440930,P5CwFwtqMZZN990TS1eX34jcupyxKGDtRPwPwMpkRxaFkh4uvf1S37PdU5V8TEZBpZ1TPrGOhdPyeg,BonaEco21,3725,1,PetDuckbill,1,3
NA1_5198440930,0xVRviJt4dF_vFGF69lsUwGRlvFzlKEcQNbPOA_l9IVsmZyV9fiiTZTepXbXOIhMGD9Z86TVOdyi2w,aregano,NA1,2,PetTFTAvatar,10,8
NA1_5198440930,k-h72kyTDZ00_n9ywyPPSfV2JQM_3_kzbQFhb6UcUZ6gUTp5pBbtRodUcmarhdus_2utaF8XRfEyyA,Bartle,OhYes,2,PetBaron,7,7
NA1_5198440930,r83Y1Xde-cFqa__7E0NZym3Tyi51VBNyRz59xfpWfzeMMxydb-IQo1GFCEDe3AiPuXQOWeyT9zo1oA,Nyntani,ARIES,3,PetChibiTristana,2,5
NA1_5198440930,3MtVcXffxmp7rjL-McRwX3W7CNzTTXTqR7OWf2n_Lgix4gFoHURWnjxGOK0Kcw7Z6lfrkNPj_PjKGg,Gõrebyss,NA1,3,PetChibiTristana,3,6
NA1_5198440930,DqNKF8vPZ9JKsUhKOQ39ijH2p3w660wHowxqnBPnihBgeHyj4Ws7LS9xlHm2lY9claiP_ztgZcDjDQ,PPG Rex,PPG,4,PetScuttleCrab,6,2
NA1_5198440930,YYZmpLUGntxc3Bj6CL5swa5-uwQwi502U3iYJI-WQCNncqXGwGgCEBtZqcSGsGJh6lwsQbXah5bWCw,PPG Mirotix,NA1,4,PetChibiMissFortune,2,1
NA1_5210669761,2_KJw2bDCdWzwId87U1PEbOx7ifXRyDJ-smUfSXfzIa832BwSQMYdy5yU76qIes71BMDK_MN2nmj-w,user001,0000,,PetFairy,52,2
NA1_5210669761,HO4rY2pkWb1NIk-RFLRpftHqhdA6WN4WnhL4G-WXGw--noeg07-9tR-ChuIBn96DTuo_KzuHhBL-IA,Andengaroo,1234,,PetTFTAvatar,2,6
NA1_5210669761,WaMHuhqTSKl25IDrvwyU1xfTs6b7a6NAUjnxSU3zliviURAaGYWzs_ZoW3XjMgt5BV5KHZO_PMGYww,Myrv,NA1,,PetUmbra,10,5
NA1_5210669761,i6CCgnZris8vbnEha6gwWNCvsyqLIjg_eotlAG-kcs8USxwHwStGmYjrXNwELjhCB8r23UsmpZpF2w,Amepriso,1241,,PetRazorBeak,42,8
NA1_5210669761,5v8v7EN8aBvbE3HKdWAGGARw4gc1w9OvRPrahqYW4etzmOxRLVglKXtPkGWn0j8xkMN7qJSiM3BVtw,pcktloss,0007,,PetChibiSett,0,1
NA1_5210669761,qj1zL7EV6E004JRJ4U8cmMHrzEmvHwBXg3k_aNBWN-NYmV-CleK_uOCFSZ5AznHmq4NqLNP7LeaCVg,Darth Mufasa,NA1,,PetPoro,24,7
NA1_5210669761,Zamh6cdfxqaaDGQcGMByZxHakJmLfpZOBwCdz7jkkWfEyzIPbv6-4B7per1cazlc0TiVYDbytC_Yow,StuckStepLaner,NA1,,PetTFTAvatar,2,4
NA1_5210669761,g_Qt7mRnb5GTkc-4-C_scq-bKJjjHoEwKc0edgX6HVoPd8Tudm1C8S2tm047ABGpojMfsGnTJXgJlg,krugs420,420,,PetChibiYone,3,3
NA1_5196673761,uFcqD3cjGsrVZgwCXd0wtmeU_EiWW3GrgKYb3g2H1QJreyXy7vz_tz6fGn3Wmhz2tYJQAFhB0TzrHw,GoldenIsLegit,NA1,4,PetSennaBunny,1,5
NA1_5196673761,DqNKF8vPZ9JKsUhKOQ39ijH2p3w660wHowxqnBPnihBgeHyj4Ws7LS9xlHm2lY9claiP_ztgZcDjDQ,PPG Rex,PPG,1,PetScuttleCrab,1,2
NA1_5196673761,YYZmpLUGntxc3Bj6CL5swa5-uwQwi502U3iYJI-WQCNncqXGwGgCEBtZqcSGsGJh6lwsQbXah5bWCw,PPG Mirotix,NA1,1,PetChibiMissFortune,2,1
NA1_5196673761,iiOGy1m5Oo-oy5Qax_imsM9HN2ZhLDEYq3TBtxlFM2UFgIEAKwzqqaDbw3iV8NN2Nos8RlzfuuDffw,Her Fault,Drug,2,PetBunny,0,4
NA1_5196673761,hI6Fg1wlqdT4Nn0PN6d6GIIAIAC1MjWiiGs_IzqoyG1FV453KYDyfmlg7dxQHHLbdIdnA-oUf1Ve5Q,His Fault,OwO,2,PetDuckbill,1,3
NA1_5196673761,SzpJuy-vuUHvs9-FrQouSaSRQq7R0v_Q1r4bnF6JYHJpCRW3Ty3AlMcVSw3vRCdz6AH41rUasui43Q,Trenzyy,NA1,3,PetDSSquid,2,8
NA1_5196673761,Ibg73d2Ld8N8xL595gCQHtjCk2ft7BZBdWFxnG-gG69WnhfjCb3r8lZvAa4ndLmGg_YKjrUgTwaZjA,Bambo0o0,NA1,3,PetAkaliDragon,1,7
NA1_5196673761,w3TZJq2zwc-qMjDM0-GFq9b3vLRfFCKGcuddUzesA8sYY8LBl7qz4J_1lpVnRHZqt_0WQJePzCDuUg,Gùardiàn,NA1,4,PetChibiAkali,1,6
NA1_5193161994,DqNKF8vPZ9JKsUhKOQ39ijH2p3w660wHowxqnBPnihBgeHyj4Ws7LS9xlHm2lY9claiP_ztgZcDjDQ,PPG Rex,PPG,1,PetScuttleCrab,6,4
NA1_5193161994,YYZmpLUGntxc3Bj6CL5swa5-uwQwi502U3iYJI-WQCNncqXGwGgCEBtZqcSGsGJh6lwsQbXah5bWCw,PPG Mirotix,NA1,1,PetChibiMissFortune,1,3
NA1_5193161994,C1x24luZzEOSWqiksiEekB27aJP3jB2HRfc55cJDkZe8pZvCJAEd8wmQL_7ihzGtWPyG2sBrsa14tg,CasinoPie13,NA1,2,PetChibiCaitlyn,4,2
NA1_5193161994,gBW3gLDnYLa7bxCvxQL2fduiLG39GNm8X3jgH1dG16fv8wMZVWaZsBoEa9O3VHkNrdxgoA9JWJ-okQ,sephc,NA2,2,PetChibiAnnie,21,1
NA1_5193161994,yGkVASkXrsSxF-Pwis0XIJZRm4DjzIZByW3CnI0GbqEu7RNxKRs5q81DKeAGsYTnEFbj9-vwSj18bw,FriedDumpling,NA6,3,PetChibiJinx,3,8
NA1_5193161994,xulqUGBEjhwoJKvHM4qRKh7SCWj7tZCMunMhO8HvXfsa123KaCDRBxmnhuPGSklIwvPL2cJkeziaTw,SteamDumpling,NA9,3,PetStyleTwoJinx,1,7
NA1_5193161994,IIC5Heqr7uSD6KhERMCdGnfDUlhkGahqH73gTrqiZ1pguh8g9ANNVdwvS9A-kG5WYH3o4eLiruuEEg,Jenchu,1014,4,PetChibiLulu,2,6
NA1_5193161994,ZahFQhm284HHdWTHHC5NW8bu0ALCYEqy-_Xip6PS4UTERf9l-haEcEpHs13EZK_oqnf3BwWyonFkbQ,Chonkie,2228,4,PetPenguKnight,51,5
NA1_5210591918,97kwRIYsPlznlhLjgNd18Eog0IUHuH5KbC6VE0RXtkaBbFdheuKFdyFLh_W9MoQTIuvKgJGpC8AIdg,Suwupreme,NA1,,PetPiximander,3,6
NA1_5210591918,JClBFxjowNbnXr_S3UUKgN_9_QKTUduK9GIcVOVaCJGgXtyDy0URZOEwPqpJD8APmsHAJgTpFJPrEg,SADESTHEMAN,1057,,PetTFTAvatar,2,4
NA1_5210591918,9Ph4XLRvpG9-SYXK1eg0PKYVwO5VvpNavJUiQI_zRO_CUm4VDfCZqXPAaOwFa0ad6rSm6aK0g-W9_g,Jaaylu,NA1,,PetJawDragon,3,1
NA1_5210591918,Zamh6cdfxqaaDGQcGMByZxHakJmLfpZOBwCdz7jkkWfEyzIPbv6-4B7per1cazlc0TiVYDbytC_Yow,StuckStepLaner,NA1,,PetTFTAvatar,71,8
NA1_5210591918,-YUkHNU3Ui8JfJeXS8PxmwY2KuaBRXkp3Nm3zXxVAyu93bHRUjL0YQr_bvdEHO48iNh78-H2RH3ngA,Mashimaru,NA1,,PetChibiAhri,2,3
NA1_5210591918,tKTBE0V5_97pDMCP-BnkYVgV0RNJogl9cK1Cgcgmz0V_g4QD_JZHiaue9HjieNkaKIcqiBSbKldgIQ,dmar122,NA1,,PetChibiAshe,3,2
NA1_5210591918,APs-ji0p4c5VAZHFzlEpw6XqqhP3z6KwEWcdFK06tNcsnJ8LRwFJ0qseSZlbbauWdwrQVDhkEGGmCg,hows your hoes,NA1,,PetChibiJinx,3,7
NA1_5210591918,lGaTpk3Cbwyrd5oCqeo-wFMJFtURU5ATenXruAx6ef4Fm7r2XlUQhwSF0FScTxSamnQiLfDFEwqGAQ,oheyitsbrii,brii,,PetStyleTwoJinx,2,5
NA1_5206491217,pATe547wqgu4ROi0ywAf3Ff6MtG9L6Z8x-MU20WI60JK9zVk3nDfq4NPbQmj29IUyym8bbvsPqDlKw,JoeYoBro,NA1,,PetDSWhale,2,7
NA1_5206491217,bNoiqqL3peKd-_U-QQm_nEZqvbdNLhQ6A4Wz9LCyr3TvbxB1de-tOYdQjqzIL98Ni7FThiqXSSKGSQ,Just4Fun,2246,,PetDowsie,94,5
NA1_5206491217,tlh8PKVoXwFstIpMiK29CgUspwxlpNSFxkpP_LUnOOVYR4ktMuzzOyYnsVT4eJmmxugrP0lPOIqLOA,7heEmperory,NA1,,PetOwl,84,8
NA1_5206491217,Zamh6cdfxqaaDGQcGMByZxHakJmLfpZOBwCdz7jkkWfEyzIPbv6-4B7per1cazlc0TiVYDbytC_Yow,StuckStepLaner,NA1,,PetTFTAvatar,15,6
NA1_5206491217,Yor4Avt2eZmAcBQdjPCalGa4Fh4r0l1fjkZABPqcRSvwki4Di2BGRXqXI1P3fM20iW880yl0aWmlhg,Jvldabaoth,ROT,,PetPoro,3,4
NA1_5206491217,oXti1JwD01SPYZIL_rx6dPqJdIS8sPSB59BrZ8j9ifUEfjo44izGoaa5OxhpvmZs1nPIqF5S2VZoqg,AHRI SIMP,SKTFN,,PetChoncc,11,2
NA1_5206491217,HsXE6CvRvCixUJI-UbN0mMMDpKImEQpiscmI9ohQzvaq3wlLEGufTa7Gw9hdYD-OSXsYs8hpwZefQw,LilBarney,7870,,PetSpiritFox,1,1
NA1_5206491217,54qma4AstjH4n6erp52icgP8rpC8eBMyQbHYJfo37aQQ5WHGcCRLVTACWgZAzFYlqHPtRtVimbQ04Q,puzzlebuggs,1231,,PetHundun,3,3
NA1_5205646819,hA1-C38TkzApGnNbb_rNGjX2CZIzkJshQQsI1DHRKyNS9t-N4NyWjashfLCEvs6apoAlcMUy7OhI5g,Faazo,NA1,,PetChoncc,2,7
NA1_5205646819,m9AxnmOcEpcvUTO1lPf0SSzjDY9yoktBnHEgIDjDxTOZPojSAUIKy0y8ufiR60QpdEi2gozWjekBCg,WolfgangSenff,NA1,,PetGemTiger,9,2
NA1_5205646819,Zamh6cdfxqaaDGQcGMByZxHakJmLfpZOBwCdz7jkkWfEyzIPbv6-4B7per1cazlc0TiVYDbytC_Yow,StuckStepLaner,NA1,,PetTFTAvatar,2,3
NA1_5205646819,1XDEfjxndNORHQJH8B6uTJy9bpVVlrZDHZTqT6SEd2jfLFj4bXoYkXxFoA-kLIbosT4dD1c4bmbfAw,CoopaLoop13,NA1,,PetBat,2,5
NA1_5205646819,KmvBIOVu8lUEyC1d1t0sZTH7p6A41q6njoJGkKrN-7HQHc8TzDbjd-VGGuVmltVAFuWqtSylasJ0LQ,boytels,3036,,PetChibiIrelia,2,8
NA1_5205646819,FvshRYlugUlj8xQeRdyJAdf-67e7HwhGDx_4RGiUD2d-gdKTmjFJjJfjd0i1Aaxb7Hno00yuO4Rv9Q,GatorGlad,1NA,,PetDSWhale,12,4
NA1_5205646819,NbX1nNG4q9oI9CHsnCojHX9fYDRjMJe9MFowd8f0f1Mf8wenaTCl_K1XC1EOaF_3Y5VourUKYi25uQ,Rajah Khan,NA1,,PetGemTiger,3,1
NA1_5205646819,LYUDGbR7qb4-FRSLoUgy9w3_PJeJwONQ1MeoYUPS-juOo39ojgdUNMLwBGdY9hxa4HHSFezdZhU7SA,Beegstation,NA1,,PetChibiEkko,3,6
NA1_5206413096,Feau_FadcSlJgqto-l85PaUEaFQmkl8onUrTJyaTqfM7p54Vq_gP8ym_dqxwFikxm5-GuD5b5ExxfQ,Gl1tchedShad0w,LKTA,,PetChibiVi,2,4
NA1_5206413096,Zamh6cdfxqaaDGQcGMByZxHakJmLfpZOBwCdz7jkkWfEyzIPbv6-4B7per1cazlc0TiVYDbytC_Yow,StuckStepLaner,NA1,,PetTFTAvatar,0,1
NA1_5206413096,3EPGJw3D7ZVTJ4vdrc2jTI4k4ngQP8ixePuC5Cm4V8e0kYEZk5Al1E9yo-38n7nAE5q6hJzndoB1hg,Hoolijuan,SLSO,,PetChibiSett,3,3
NA1_5206413096,gPp39TzDGIimcC7fR7DQs6N_QwGKyDMqDI30jCG7Ztz46JUHcoSV6bmwgzBW3W3Xn7jAZomKO27OUQ,CharmEarth,000,,PetChibiCaitlyn,2,8
NA1_5206413096,AeSy2Q9Wznmn9feiWyzeVImOzv3O_pHPMJ1aVvq-oZWDIsQx1yay6OiaMaEIrbwVq03mRTpvrfNklg,likeagroupoftree,NA1,,PetChoncc,5,5
NA1_5206413096,9kxX1LhQ85gjSKQPj8DxtoeqCYDv1H2PaMl38h5IhuZXmGpFMT6zY9-cvoLLAz5Z9RbcvnCe4xbzHA,muShu,0306,,PetPenguKnight,3,2
NA1_5206413096,Tdw7lCFnu4in3hgduxt78chXFFG64Dkn0UladhwYLeXxXr9qtToMwQXPpF8A3UlDYqVZ-909TqbDcg,mm0306,NA1,,PetDowsie,2,6
NA1_5206413096,Cx1HH8FJNYU2FkRhEqVvxeFQ-KrL9zHrNYUjzVUwyE-k_8vkl5TiqnnVdyt_n0mC8yMBULqdvfhg0Q,I Am A Villian,NA1,,PetGloop,31,7
NA1_5215903659,DqNKF8vPZ9JKsUhKOQ39ijH2p3w660wHowxqnBPnihBgeHyj4Ws7LS9xlHm2lY9claiP_ztgZcDjDQ,PPG Rex,PPG,1,PetScuttleCrab,1,3
NA1_5215903659,YYZmpLUGntxc3Bj6CL5swa5-uwQwi502U3iYJI-WQCNncqXGwGgCEBtZqcSGsGJh6lwsQbXah5bWCw,PPG Mirotix,NA1,1,PetChibiMissFortune,0,4
NA1_5215903659,OHAt1xo0inD34s6WA-2l8Gj5PQaaNIPBhu2-856tdMBjFQLPJDGaqhn2A4-E3KbpVuloz6OTSYhfIw,Rim Me Charles,NA1,4,PetChibiOrianna,5,2
NA1_5215903659,5MElIgd8yCxtoH5zEpnXvsZZtDC_SftqLvsBi81B2Jkxs-JBYYW1EKODjJbJSU0p3xXZw_1Qhj31Rg,Henny,6989,2,PetChibiAatrox,4,8
NA1_5215903659,Sd-HlRupzhPtGaPEc84dNJVKr-VsL56t21qWm5ku-FoeFgJcxoD3rqips3XDrCBxYlgzWk4iCCvEDQ,Some Pro Plays,NA1,2,PetChibiTeemo,8,7
NA1_5215903659,Sv1AKKTkO7B-KKaMeN5FillnKOXqO2-K82wQQIOuhcsf-2K8kjDOXJPr7UhBXq0iM7Rg1tppm8PGqQ,exuberantrat,NA1,4,PetGargoyle,1,1
NA1_5215903659,5OhAifSPZyuowpKaKSc32699T2auOtXEhdkYsKt7vY4FBX1YVG5R66VgWe03voiloiHH8el80Nr8sA,Koronex,NA1,3,PetChibiCaitlyn,25,5
NA1_5215903659,Y7gtETOCbg00m4xrqsTOei19LFBKEkXmhHozfmgxpLFAHh3Z5s0WZc3qs1VZL1mdYKNQCNjdI_CwAg,Fire99,8021,3,PetChibiEzreal,1,6
NA1_5210628465,aoP8Ww3NE0pQ5TpJo1RoORj2yRW6uwrDMLWBZ2ltDpMTM_P7F0wRe0EUdU2k1d5K8sTKtBSG2ED63Q,AlotOfFishes,7429,,PetGemTiger,7,2
NA1_5210628465,W-8UxdwZR4K_oVqoqd6UgMJ9zNj9_ui-m2mvmIMFpMWk3BeLT9tQxYSPtxtDOsFBMPFcPI-SHKQXAw,Escanor8004,NA1,,PetSpiritFox,3,7
NA1_5210628465,iTVZ501PyZA3ffQcwDVI_0o1auQfr7RQed7yp5WEAn-umgP9vu1uVaCNsb4BdB157xz5ocLXiHXQjQ,CheekyMoguel,3875,,PetKoala,3,4
NA1_5210628465,-WaQLcyILNpbYveetMmwj1E5y9zmzLaU27vyMkBw6B8r0V8FdUt2VHmzZgdbiEeB7WIy3aSY06gPfQ,ReportUsername,12345,,PetTFTAvatar,1,1
NA1_5210628465,b-qR0D6qt-pklPMvfwcjz1Dv44fP1O_zzTf5uJP3otmiMo6tQLetZ2FLWooERAJK1N2NwL2smq3ecA,DreamKnightmares,NA1,,PetPegasus,5,6
NA1_5210628465,MCNrOuCbvixsrRmjLDGuVQ24O0RfgkoHnnMapEmZrJJKSmWBgaNvh3iPzvd00g8nxUe4Lz8JNCZZ5Q,GnolNart,7426,,PetTFTAvatar,3,3
NA1_5210628465,vSRHnHk1_JHI0sP44NXB6kWGr6ALsgzrE9SnHn0LYOPAReWAvb-aI8zOeGunlymAdCDKD7nLISoiOQ,Rosen06,NA1,,PetTFTAvatar,38,5
NA1_5210628465,Zamh6cdfxqaaDGQcGMByZxHakJmLfpZOBwCdz7jkkWfEyzIPbv6-4B7per1cazlc0TiVYDbytC_Yow,StuckStepLaner,NA1,,PetTFTAvatar,6,8
NA1_5210688222,kKqT-4BTHA7uZFrKm826_OQxGuX_5xxBjg4C7mdDXjlb1TrCCoDfNbg1DmM1JRdXCvzijnU2ZPfEog,DrTrashbat,5299,,PetChibiJinx,2,4
NA1_5210688222,_RsMR5H3joXrTNbKx5kYtKULvkm_F254MumpHFiHLKfOwJe4CQkgcV5vKgrUwB0Typ-6bs3h4xwxyg,TavoSnow,NA1,,PetChibiEzreal,2,5
NA1_5210688222,JjiV1nbFK5o4kEWPYj3RDvoW5wEq9NvwqIhtq5g6o3YVqNBmu4zL-MJTixuq5-3lXy1__JGEonyiqw,Warui,NA1,,PetChibiSett,3,1
NA1_5210688222,gL6SuYUu9dEukVMdcn5ISyy9hLL5v5P_He6Qpacalp2BGNRlfYRHKR-reLHuZFU8qbtCI1VvGI3RYw,Bigg Angry,NA1,,PetMiniGolem,46,8
NA1_5210688222,jtLPHgAEIJWOT4b60Sld56fxLRtXO0J-G-QAR3pKL1tc7501Xmu2GkU6c2UH-Um3xxqJZ4qVoKDMLw,Hollow,Face,,PetChibiAatrox,2,3
NA1_5210688222,d10ie09XayZ7_GINKhKe0hTsURYdCNK-dRMyI0t2l717FbTW5g67auhoWnvyhMBhbQtUrn90_9MWMA,SportyJessie,glhf,,PetChibiYuumi,7,7
NA1_5210688222,UBOGN5h1lJboCSumSUYk6zr0qjUIxWIZFSEmPhQf1urj_rz5dpoST9C9VYLz2frqgm9BzDIknTg-JQ,ButterdogBandit,crime,,PetTFTAvatar,4,6
NA1_5210688222,Zamh6cdfxqaaDGQcGMByZxHakJmLfpZOBwCdz7jkkWfEyzIPbv6-4B7per1cazlc0TiVYDbytC_Yow,StuckStepLaner,NA1,,PetTFTAvatar,3,2
NA1_5210643998,qK6zzvVkXwq1npmZ79H5UV3tVH_3UqhiBLmaRrwcsnilehEWJecN4YMIz_155CFFLpadUEnm_HD5Og,Heisenberg,2751,,PetUmbra,7,2
NA1_5210643998,3RRHFcIUT_pUWzbp2nciF4po4SXEmUSKj2L3RzbxceKLzc7Kh_De4awm0tyGSM-bzXVXZoiNs7clDg,Christofire69,NA1,,PetChibiMissFortune,2,7
NA1_5210643998,jLo2e_mXT8jgWbdKPiyQx0aVAnvTKIhGsnryrZD2fhXWMw7Qxg8KDMiYCRh0zkvNSm7qdz_x9c6TOA,RamboOwnsYou,NA1,,PetPiximander,91,8
NA1_5210643998,zasyF-yr2uV2cl8kT3Gi10tM_IXSksasjPNICDrmsFdicrIGO9QysF_h1XSIZHT9m-TjUUJIIonFlQ,WelpShtT,NA1,,PetTurtle,6,4
NA1_5210643998,CkOsJvWnB7SCZahbx3_IAJbzy-4O7TxP1gM0Dc7hoxLAKFZmXArVh9JVOmTUN3DrOlPtBYAlmDE_xw,Kingcow08,8336,,PetTFTAvatar,3,5
NA1_5210643998,kpBkFNlixAXG7G1rFB7llxiXlfvraqwFsxHiopZD911j044TjnkOPY5c5mdzHXhp_jcPiXRbLcAUvw,misschrisy,NA1,,PetChibiJinx,25,6
NA1_5210643998,o_ZdoCm-KkvA2D_4-pHGUxA-dF-ERAWh3Z08mjB3pSFw6yjHOh4XxTZVI6_Rj9xSeF0YHV5rV2T03Q,BAR5,1017,,PetPenguKnight,8,3
NA1_5210643998,Zamh6cdfxqaaDGQcGMByZxHakJmLfpZOBwCdz7jkkWfEyzIPbv6-4B7per1cazlc0TiVYDbytC_Yow,StuckStepLaner,NA1,,PetTFTAvatar,3,1
NA1_5200878572,tXmMnvlWjokjKjdCdfgb6p1XAQPgOS-xujJ97moPeHtG6DIJolZBb-0XTGkQ9-z4-pd4ClIMEoCO8Q,Turtleeray,42069,1,PetVoidEye,1,8
NA1_5200878572,-tUjzC4mRT3kEjCS-ivu82M2LdrANv0FVF-cEkwA-vf-IrpuDGQ9nZh1QWyFMl6tyL-ZQI4LnMYvMQ,sins,127,1,PetVoidEye,1,7
NA1_5200878572,EZBas_IoxMLQuAKfNf6COBFg3dxDLd--7KdYHN2dsF7oGv3TL_1qyKh1p_MRM18KejGztQU7Dy3A7w,APonce,NA1,2,PetStyleTwoJinx,0,4
NA1_5200878572,RU6I0JSssAzryTF91vFojXOa22AmsN81EUVExoPx5nd9kq-lMwv8qm8VfQ_mX7fleV5rNIW3CkJltA,SmallChungus,1111,2,PetPenguKnight,4,3
NA1_5200878572,af-4bj2Mvc7Nhgf4ZNGk3B6ZbiLGbWDUFpEI5_Mws6Td9xw3hKDkRaQO2ZY9-FynzvVdQGKAQvxVBw,Pepto Soup,NA1,3,PetSennaBunny,1,6
NA1_5200878572,l2Q_kOMSEKl8zFOU5fdMiJE7mYt3VF1MhchyJcuwlp_klgsgBBVFiyMUQpZ6Ab6OFaqOgvVcaPSUKQ,Chicken Bismol,NA1,3,PetSennaBunny,1,5
NA1_5200878572,DqNKF8vPZ9JKsUhKOQ39ijH2p3w660wHowxqnBPnihBgeHyj4Ws7LS9xlHm2lY9claiP_ztgZcDjDQ,PPG Rex,PPG,4,PetScuttleCrab,1,2
NA1_5200878572,YYZmpLUGntxc3Bj6CL5swa5-uwQwi502U3iYJI-WQCNncqXGwGgCEBtZqcSGsGJh6lwsQbXah5bWCw,PPG Mirotix,NA1,4,PetChibiMissFortune,11,1
NA1_5208317726,hwhoQCl9mJi1vdW-A0TvB9xl9D5M3ISFcYdzloTQ2H3lO2OlXkPHxX0WqL52CzDBtCfsF2M2-2n8Eg,LiqDarkness,NA1,1,PetUmbra,30,7
NA1_5208317726,XyTLzRrr0qHwx3OGyOnJE2meqIQbVs0_5tkOO0k9RZsOCJgEx11u12UCDEx1Rst_XQP4fIXpWuEgyA,Hine,DBU,1,PetPoro,0,8
NA1_5208317726,aS3NR2smPa8w8JWfOiNNcEKNe96TaEw9SwklDUwF82khSXhJDfXPMqynWL0CA9socwopAhMRuw6_Lw,Shammycloth420,NA1,2,PetGloop,2,2
NA1_5208317726,OYSgRRUjq36fpVBld93DR14UhgLD93rp4w7iu37j00H10xjRf1uflGI2zeVmZ7wygejdbzN0D8OPkA,jinjun,NA1,2,PetSGCat,13,1
NA1_5208317726,DqNKF8vPZ9JKsUhKOQ39ijH2p3w660wHowxqnBPnihBgeHyj4Ws7LS9xlHm2lY9claiP_ztgZcDjDQ,PPG Rex,PPG,3,PetScuttleCrab,2,5
NA1_5208317726,YYZmpLUGntxc3Bj6CL5swa5-uwQwi502U3iYJI-WQCNncqXGwGgCEBtZqcSGsGJh6lwsQbXah5bWCw,PPG Mirotix,NA1,3,PetChibiMissFortune,1,6
NA1_5208317726,QFgzF4ArNOf5jrQ5cXJTC49rTgQjQjPDkDQcq3Zo9sG0N2bECzLXtyycB3XoX9htFhnTBTqG2vGVMQ,Sailor Coon,3192,4,PetPoro,1,4
NA1_5208317726,X0pKVakAVtS8Q4WvjkzZIVaDtg6Vx4nbmB5_8vRPfUgOwui4YesW_Mf1XxnOEWNLaaAAe4eU2AuMMA,Blubuttt,NA1,4,PetHundun,0,3
NA1_5206458861,KOyV0o9W3nlfyEArRq_lqPUXNTDKLzVrz2YepsM_mgYeWDcae4BUb8YU5WgvUt-75Adg2NFBKkkreA,kuretaku1002,NA1,,PetChibiLulu,0,1
NA1_5206458861,4VVbwlLF0Ggw51CxuSvSPBSfDODlcoxKL6li9Us2tBp9fV5yr25qskJRhfYoqhhQ9gQdDC-6dLm_ag,Cursed Sky,420,,PetChibiGwen,23,8
NA1_5206458861,aHsVNxsHsCfsxX5NM9vdrq3A5RfJ6eTqS6sDUqzrJJgl8itvYjgHUYxoC_HhO6JDrBA_8ZB91meTAw,wangsterk,NA1,,PetChibiCaitlyn,66,7
NA1_5206458861,0iv3BnSzlccAc0omJsVakO2L9_m81NtxGZNyyYc1IEf-8706sNfWkv7hFogdPKgeJBzwTFb1ci40Vg,NotKeeeeeeeeth,2293,,PetDSSwordGuy,3,2
NA1_5206458861,Zamh6cdfxqaaDGQcGMByZxHakJmLfpZOBwCdz7jkkWfEyzIPbv6-4B7per1cazlc0TiVYDbytC_Yow,StuckStepLaner,NA1,,PetTFTAvatar,3,4
NA1_5206458861,373jvIQGHUq5Lg1f1eM6Q6GpgBTSgnFCm9XN0DRNA5Du8cIYPQKXwOSNyFAlLHRU18MVC9t5ryx6Aw,Koi,2072,,PetChibiCaitlyn,4,6
NA1_5206458861,osjGVqRxZNAX5c5K501NmXvQxsBIPIXek-h3PpD4V8GNtJICBBKwrHwY67NAoyRzhBZ0igumG3SHJA,LixenTTV,son,,PetChibiJinx,2,5
NA1_5206458861,wWVhI98vBVib3VcJBZlkFI_mEdNQHMF0B3_sWpCnR6S2dJqY6PKgDlT8juJP6tssdl2Uv2aYC4znrQ,ReformedGoikotsu,NA1,,PetSGShisa,3,3
NA1_5196713822,LOLFuN175QyTdWRDPPpVYUG7W1W1HxBm7I38qxSJgc6koCp0nWlQVzRvsq5maGezcuhPFpN02G8FKA,can,emi,1,PetSGCat,24,4
NA1_5196713822,p48BDIAFAejdRrDao_a6Xg6eYMzZ4VFWqeHn6JyZMI2bVfqadIQ-PKVicQOzKJ3-sMzYfsz_wx4muQ,emibruh,can,1,PetSGCat,1,3
NA1_5196713822,NnMs6Z_eMsVRLOcGUL8mb0DihupSu80ZmeYCnQUdHm0g-Ty9b8zjGrbUpkruGzuJ4Cy3Lv5Dvx_xiw,SystematicPhyco,NA1,2,PetSGPig,0,6
NA1_5196713822,2QvH9Cm0CVB6kVadPqSf_yZSv8U_tS3y-1Aj7b5jcK-9gB0ggS4EBEQwAKlJe-Ymi15B2h7Kia_G_g,fangorious2,NA1,2,PetDSSquid,1,5
NA1_5196713822,DqNKF8vPZ9JKsUhKOQ39ijH2p3w660wHowxqnBPnihBgeHyj4Ws7LS9xlHm2lY9claiP_ztgZcDjDQ,PPG Rex,PPG,3,PetScuttleCrab,15,2
NA1_5196713822,YYZmpLUGntxc3Bj6CL5swa5-uwQwi502U3iYJI-WQCNncqXGwGgCEBtZqcSGsGJh6lwsQbXah5bWCw,PPG Mirotix,NA1,3,PetChibiMissFortune,9,1
NA1_5196713822,IiN3YGOuupiJwDFN0zVBJl0AyTjtFW-ORV6EQVV40sLN0oAziMf1CyD2mvUbPpCcFgvqjMnRgRXYnA,Rhea,12345,4,PetChibiVi,2,8
NA1_5196713822,Hx72qRw6UdUHw8jwPIRku1dN90RZRagsp2Jk9cK295h7jVpkCAU3TMYt1Ilr5QSSg2JBO8Jb-5-vDg,puppyl,ilysm,4,PetSpiritFox,1,7
NA1_5196311066,QKtkK8zi0uxrr7RYhRioGKWivBxd5XaRDC3kcGr_9P311mt4XBPhEXODQDZ-q0AkEW-bBy2AIZrHdg,Shutdown Cheryl,NA1,1,PetGhosty,15,3
NA1_5196311066,vf7jjXgTBN9AceADMQz6ouYMj3f5tnfG2JfD6DLDNIdhT8G08uQWPJjQfm5gXmkePyQ_mZNLf1Pm0g,Separatist,NA1,1,PetChibiZed,14,4
NA1_5196311066,YheIqSN10edAPLzGs4oyB9bmC8iy7dOsKt41Doc7oxyYd2xgWa9LPHRUPpGwD7wEnZA9SOxopJy0Dw,Mashimaco,39JP,2,PetChibiAkali,19,6
NA1_5196311066,p4-Jg8tzZOmjp84LYmH1zDhVc6hWGF2y-ax8Li-reYScoaAtI06NWFL3nZtiolrsQcmsHZvPu24n8Q,SleepySeller,NA1,2,PetChibiIrelia,13,5
NA1_5196311066,DqNKF8vPZ9JKsUhKOQ39ijH2p3w660wHowxqnBPnihBgeHyj4Ws7LS9xlHm2lY9claiP_ztgZcDjDQ,PPG Rex,PPG,3,PetScuttleCrab,35,8
NA1_5196311066,YYZmpLUGntxc3Bj6CL5swa5-uwQwi502U3iYJI-WQCNncqXGwGgCEBtZqcSGsGJh6lwsQbXah5bWCw,PPG Mirotix,NA1,3,PetChibiMissFortune,1,7
NA1_5196311066,VIO_hTcf-t8gVjBegXFy_dIrMHpcATvK9GTUu8aYS1o2ZWVp_1cDmFPO3zjuCaPA_Pf34uA-koh68Q,Zeagle,Eagle,4,PetChibiCaitlyn,1,2
NA1_5196311066,LkmTW-BXPqe9ilir-0iLs0KJ3iIadSRnhXgUQ1AgNFzOjhrQ90LwW5wpJ7rFpdasqUrlC5j2aP2FFw,Dumb N Lonely,69420,4,PetChibiMissFortune,28,1
NA1_5206500727,99uKPMjH0cqncSlYtK8f2BuhRjs23VuBMxgRNZaZA72fTl8tR6MUDAx64PySBW2Aef0pugJVeQwiCg,MasterVadgers,NA1,,PetChibiJinx,3,2
NA1_5206500727,010tV0bCOHNGoliE3lMW0Qkye0-KJp-m5nrHslcwwW2o4_2_iBqM5fL4dPh-GTxI8OqJvcXnyXNicw,Bubby,rice,,PetPoro,1,1
NA1_5206500727,t3Yj4sBbKFhqG2tii_r6udUPA9hkFDaUDhnuHNJb9YG_iEZ6wBDnnhoGu17Op3ZNDejApeR2icAxHA,ReptarFlex,NA1,,PetChibiYasuo,9,8
NA1_5206500727,ghcHcE2fXGf6_jdLoKETRKHjRt6EUooVv_wgRQwZIkM9e_n1XLFMnlJkxO4j9pB8ULIfh8VakpuM6A,TayooCutz,NA1,,PetChibiZed,38,6
NA1_5206500727,Zamh6cdfxqaaDGQcGMByZxHakJmLfpZOBwCdz7jkkWfEyzIPbv6-4B7per1cazlc0TiVYDbytC_Yow,StuckStepLaner,NA1,,PetTFTAvatar,2,7
NA1_5206500727,zxOvX6Ju38BSQjAT6hzGq4exrvYB8Y_5TVVgamllcCSFZx2Kn-LojxiIV8TrxEvFMPvuDJYTxIdZ3Q,PANITIA ROMUSHA,1999,,PetStyleTwoJinx,2,4
NA1_5206500727,USj54YT1vdonfAp9glugJ3SfAgpH-kSOufEpAbS42s3X2Y4BJoUUBiTpy5CcC5DArF3bXK-xK_v34g,Markz Cruz,2669,,PetFenroar,2,5
NA1_5206500727,vAIUxgO7vXuSVYhBwUxZtnm9B1tFYw_KYac6yHcrE03U3JZU7UE7fqQa9GYegKsVT_1kbXOGzF7Zng,Merellon,NA1,,PetAoShin,2,3
NA1_5194759709,s_ogqtsMFYehHq3r4QN-u2Xc7dbOZCsiT2XEsnZtyzrpgnqEKE7re8wAYuVsP6_hQKOBLJ8ulfYseA,ShadowWingX,NA1,4,PetTFTAvatar,1,6
NA1_5194759709,DqNKF8vPZ9JKsUhKOQ39ijH2p3w660wHowxqnBPnihBgeHyj4Ws7LS9xlHm2lY9claiP_ztgZcDjDQ,PPG Rex,PPG,1,PetScuttleCrab,9,2
NA1_5194759709,YYZmpLUGntxc3Bj6CL5swa5-uwQwi502U3iYJI-WQCNncqXGwGgCEBtZqcSGsGJh6lwsQbXah5bWCw,PPG Mirotix,NA1,1,PetChibiMissFortune,2,1
NA1_5194759709,_yiToFBB-4OcSDtfs7oZEnFXA-HtMvK2mTgKdWy7t5nbhRBsskzIrzweQUMqXUL2gpRfEhdLZ79zcQ,G Smith,NA1,2,PetChibiZed,1,4
NA1_5194759709,hmyNJ2VN0aqqMelPopJx-Bah4APYDEdzsU-sWQybKvE1McYJ7Ku3CEy3cNSIh8BAFAv_dL5CEIgHzA,Fe Fer De Lance,NA1,2,PetBaron,0,3
NA1_5194759709,5NrLWUeC1FqRi0cMHObPcfUo5BJyFrSY8DepH0QUYcqL0diXWK-ZL6TbahxcLdkhPdmz3lor2TkIoA,RagdollCatOwner,NA1,3,PetChibiIrelia,34,7
NA1_5194759709,xmHlGagQOqIUVkWVOXdTEtf2-Wa3bffbRgHaL_SuE4dRC5MsrCVYnufHjrBMROS6XgnVxcZD4G5tDA,Gotze1921,NA1,3,PetChibiIrelia,0,8
NA1_5194759709,lColgcupb7uy1Q0BoTL2aS_0Ura0WgDSkAyBGCqzySVUvaoAeDZt5dqRIGQE3Mp-Q7fDmV39HobBSA,9pdfcantwin,NA1,4,PetElegantDragon,1,5
NA1_5196286775,yxn-9X_iYSxgItUKp4cbZewS5F339atGGqNGPdnEhxso1QBjukhZAhHzLF-3Gh6Wd0UM1aGBEffgzg,dragonboy0207,NA1,1,PetPoro,2,2
NA1_5196286775,yFuGI1ttVuJdx0rjyaiXHZ6AytQpJuYUrCLbNqflwViAfJYXkLcKYDlvPFLZ382vtZA_0q6pqSlYsQ,kodiak,zoot,1,PetChibiYone,5,1
NA1_5196286775,T5iPE4o7TuMJvDTwXgkjCi6lzX_SJBA3qvChhFepectQMgdFXbFYJv3vNQXdA21FWejosWU8K_atvA,LMAO EUROPE,NA1,2,PetGargoyle,0,4
NA1_5196286775,geEDbP_5U3zP0hspSVqHhqkKrsO4Sz2SNzjTxvbUP31GsTrHF2Uzl2sDV0eEdaL_bNUfi6gRt9UJOA,Kilo Ambihadt,312,2,PetGemTiger,1,3
NA1_5196286775,DqNKF8vPZ9JKsUhKOQ39ijH2p3w660wHowxqnBPnihBgeHyj4Ws7LS9xlHm2lY9claiP_ztgZcDjDQ,PPG Rex,PPG,3,PetScuttleCrab,29,6
NA1_5196286775,YYZmpLUGntxc3Bj6CL5swa5-uwQwi502U3iYJI-WQCNncqXGwGgCEBtZqcSGsGJh6lwsQbXah5bWCw,PPG Mirotix,NA1,3,PetChibiMissFortune,1,5
NA1_5196286775,tfmFIslZe0BiQPsyJ8WGWbF6i4QI-liRUx5XeXYJnxoQA2xUKk3CfjVfHWLHT2eWmeNniWKpO97_zg,Chair Thief,3200,4,PetPenguKnight,2,7
NA1_5196286775,ormglhcTml6gIkHkV7c7ad2-mRsc3WMc0untyZ8mQR1lfkwjTSkLOm55Ro5AT0w1jkwcs6ciTMSn0w,LiotIV,8570,4,PetHextechBirb,1,8
NA1_5206514841,BkMdx0g_SFLoeDb9bY9zuhdfkH6jp4jcs75fXDPYREGuQur51NWHOsWd04tncHKuTGCDJKLk_uEW9Q,Dyno Prime,NA1,,PetDSSquid,30,5
NA1_5206514841,Zamh6cdfxqaaDGQcGMByZxHakJmLfpZOBwCdz7jkkWfEyzIPbv6-4B7per1cazlc0TiVYDbytC_Yow,StuckStepLaner,NA1,,PetTFTAvatar,35,6
NA1_5206514841,y_XLiyNXNl6r4spV2ah9f7GD2yTErTriaTdbKvCABmyvtfzSLvCY0UvdY46lgJzIIY99JK7xQedcdQ,L0VEB1RD,NA1,,PetTFTAvatar,5,3
NA1_5206514841,CWXyCIzX1LRCNHWh51KwAd1pnht7oiVg1XZnHHyXCMteuxbBthG14QCeIwGHJC9ryWQQui-FusFYjg,Kasyr,NA1,,PetChibiYuumi,3,2
NA1_5206514841,4aDMnIvErl2jJkKdDGKtP1dQTcKXmsJj5MQv5jFR4RP7XbieKFsOGk_ck95XLxKVMN9i5hRBz4S8ow,SlushiiBee,NA1,,PetSpiritFox,3,7
NA1_5206514841,2t331-eere2aNA4vLycJwFrCPtIxeaWwu7fJ3pd2wwdbiFj-ylL3OE-11Eg_W4VZZ85y8E_9c0wJdQ,Phendryll,NA1,,PetChibiLeeSin,5,8
NA1_5206514841,llXR47KfGItP1BLH6Mc8FKa9xjVNKCqSw8y9jwLpWcqHXiYbuMyafFC4UvFNK_gok7FT9mgrE_bmOg,lufa,999,,PetChoncc,4,4
NA1_5206514841,VrgavHEDXJFdGJUipFL1rL7vMATA1Dk95UoOElT0q1AhXrFs6PCGx6DNQf-djypU41acYFJ5wcX5Eg,Lqme,NA1,,PetSpiritFox,0,1
NA1_5205720318,5shCHhq6LItfHoVOM1MUzBx_pXECfV7fV9JhZsL_iF3vzxgnlbMvUj6rQUFT_cL2Bf5Fu6pIQRGszQ,Annaxoxo,IYKYK,,PetChibiEkko,5,6
NA1_5205720318,DL-ryjQ4neU81fub-tCgdpgnhbTl59WFdHXmKVujk0XAs0_5YrXbFDeSlqG__kgh7kosdD8nWy43ew,Loosepants,NA1,,PetHundun,3,5
NA1_5205720318,Zamh6cdfxqaaDGQcGMByZxHakJmLfpZOBwCdz7jkkWfEyzIPbv6-4B7per1cazlc0TiVYDbytC_Yow,StuckStepLaner,NA1,,PetTFTAvatar,10,7
NA1_5205720318,QhptRdf60EcvhLjQTitrGmGAT5EOdoNqp8mYpxTrAzh8zI_UZ53Lfpp-CejEG60IiFlt4-APL8astg,Reflex De La Gag,taint,,PetTFTAvatar,20,3
NA1_5205720318,CpvdIBxkIMxumKzfd5Dbs3oem33n4mD-8G9oFd2QHpip9US08dZyhwyazmhUha_KtXBRob-OZLAD7g,freshavacadoo,201,,PetPenguKnight,3,2
NA1_5205720318,LijJCUe6NCQRQq9DVDzivyO1CPh0yrN0j-jxVSxTYQ3SaWoDEQ0-MTzoARoKJXkzxe3FDczTScDGpQ,TokenBlackGirl,NA1,,PetSGShisa,2,1
NA1_5205720318,d9WZiIx_BL-soSixyL3tgCevjT3zx2LiDs72nHvAQhWefXtfDniA1K3b-nf_w_UMqwCWD95Ok_R7sg,Dyran Belgado,NA1,,PetSGPig,5,4
NA1_5205720318,hNGrb1FkLUZs2Ljkg5wM58jvBbmrdjJnYbP6bfsAA-AjBFSBhQwOAM5YxPKprDVDLqBsSlxt5t0wsw,ElDiablosNoire,NA1,,PetTurtle,92,8
NA1_5195137109,Nf362xTisBosx8RFQXEs9mIPbjGwG_jMp-ofjZDwjzljU8IazQklMsieuboHK-a4F0JeGXPf5MpELg,jong,chung,1,PetChibiEkko,1,2
NA1_5195137109,EN1bPR3GDXJ60_miPnUdYUTcbTqOcyZWKZBh_m7Dox2ED5vrmVYuwaZkzYRZHfX8dHhXMbBZyF3Z7Q,repeater,6152,1,PetTFTAvatar,2,1
NA1_5195137109,skKH2sH0bwy05nkyjOT1TdW6fxg2o2cYNbeB_MbD_tyeP3Cjh8UfPSKw0cpoT5SXZEy2CMw4mUdlzg,BabiBunny,178,2,PetChibiIrelia,61,4
NA1_5195137109,Lmy6tZccV4VxIZcccJtA9l0-x6S7fn-Zn8WnN3u6GswbueH8dRW-bGVITljrNNZm7ngmeKkmgq_Viw,TriuTriu,1708,2,PetBat,1,3
NA1_5195137109,DqNKF8vPZ9JKsUhKOQ39ijH2p3w660wHowxqnBPnihBgeHyj4Ws7LS9xlHm2lY9claiP_ztgZcDjDQ,PPG Rex,PPG,3,PetScuttleCrab,1,7
NA1_5195137109,YYZmpLUGntxc3Bj6CL5swa5-uwQwi502U3iYJI-WQCNncqXGwGgCEBtZqcSGsGJh6lwsQbXah5bWCw,PPG Mirotix,NA1,3,PetChibiMissFortune,0,8
NA1_5195137109,jJvuVwzVyHU9h6vUlI3znuoyW7iZEt6VTI6zcV9ZWIFhIVZkEDFgtfo2_qaOGLNn1Fi_LL-Uc7ZRcg,Icey Risk,NA1,4,PetChibiMalphite,6,5
NA1_5195137109,M797DQ4872hQyN-3gPSk7ITTq_ALBA4NbAM6MeMWRVVv0HA6uT_8LU1m34cW8e9tKlVoc3L-rC9Z4g,thepiggypwnr,3937,4,PetChoncc,1,6
NA1_5200114596,GhGeVqgmTVEuzfTX5McdWs9czQxUP-8TL-cvgDaxiZvz-xsGRV809wbDVQGPOu1WdJBVX8YSFaG4DQ,FateLx,NA1,1,PetChibiTeemo,1,2
NA1_5200114596,VZMIws7Yivswb1CaRjBQOGCnle1dkyjufFRjdZdOTfNSVvmS0wbhXYNic7knJCZOQbuhfOAAB4sddg,Sirocco the Dawn,NA1,1,PetUmbra,53,1
NA1_5200114596,DqNKF8vPZ9JKsUhKOQ39ijH2p3w660wHowxqnBPnihBgeHyj4Ws7LS9xlHm2lY9claiP_ztgZcDjDQ,PPG Rex,PPG,2,PetScuttleCrab,3,6
NA1_5200114596,YYZmpLUGntxc3Bj6CL5swa5-uwQwi502U3iYJI-WQCNncqXGwGgCEBtZqcSGsGJh6lwsQbXah5bWCw,PPG Mirotix,NA1,2,PetChibiMissFortune,7,5
NA1_5200114596,ZbWiEWQFIy9g6imkgI22DDnd9u1c84w6dHrkHhwVj3kY_mTFio5HxeAIyeW6T5PLRIuPH08dhBa4hg,Licking,NA1,3,PetGhosty,2,8
NA1_5200114596,1WeqGnfrqoYE6OeHQb3o1QpkxnvSs1r2vhaWvLI7_BZZy1JhFnRbgjZwor4BI-roHTY25He_u3c0fg,ItsMontyMan,NA1,3,PetPiximander,4,7
NA1_5200114596,B_usuEmIU6b-TXjaaXZM90oTa-upPjc3qrNIPL9H5BRt_KwZw_N1yeURnS_1579rfF4S3fJhl87tbA,MagicCheezy,NA1,4,PetPoro,17,3
NA1_5200114596,gaLC_hA4lmHWoZYc56_VP6ymA7Hkh8Ltjk6RWBByt1kQim0V7gjSMLf6gZrtwTAtDFyLBH0FMLzdAQ,estle,NA1,4,PetPoro,9,4
